Need,Lira
Delete,Hugely
NeedDelete,LiraHugely
is,We
Test,Sale
isTest,WeSale
Keys,Deck
target,Logger
Click,Scene
Btn,Sow
ClickBtn,SceneSow
corners,Burgeon
center,Mortar
material,Hometown
current,Manager
Radius,Thread
currentRadius,ManagerThread
shrink,Weaken
Time,Sure
shrinkTime,WeakenSure
event,Party
Penetrate,Determine
eventPenetrate,PartyDetermine
Velocity,Underlie
shrinkVelocity,WeakenUnderlie
Image,Twine
targetImage,LoggerTwine
Text,Rail
Offset,Invite
targetOffsetX,LoggerInviteX
targetOffsetY,LoggerInviteY
currentOffsetX,ManagerInviteX
currentOffsetY,ManagerInviteY
Currentindex,Infrequently
shrinkVelocityX,WeakenUnderlieX
shrinkVelocityY,WeakenUnderlieY
Chapter,Tribute
Count,Cajun
ChapterCount,TributeCajun
Change,Outwit
Clear,Blame
Block,Trace
Stage,Badly
ChangeClearBlockStage,OutwitBlameTraceBadly
ClearBlock,BlameTrace
Target,Strict
Fly,Per
TargetBlockFly,StrictTracePer
Wheel,Perch
Reward,Squash
WheelReward,PerchSquash
Scratchcard,Qualitative
ScratchcardReward,QualitativeSquash
Source,Athens
SourceReward,AthensSquash
Game,Town
Failed,Dampen
GameFailed,TownDampen
Success,Crowbar
GameSuccess,TownCrowbar
accumulate,Mineralize
accumulateCount,MineralizeCajun
Cur,Law
Complete,Feldspar
Word,Hind
CurCompleteWord,LawFeldsparHind
Sch,Fur
CurChapterSch,LawTributeFur
Total,Goose
CurTotalChapter,LawGooseTribute
Have,Test
Scratch,Dormant
Card,Wrap
isHaveScratchCard,WeTestDormantWrap
isHaveScratchReward,WeTestDormantSquash
isHaveWheel,WeTestPerch
isHaveSource,WeTestAthens
Schedule,Lifelong
next,Lend
Step,Gulf
nextStep,LendGulf
_nextStep,_LendGulf
finish,Famous
Call,Stop
Back,Hall
finishCallBack,FamousStopHall
_finishCallBack,_FamousStopHall
ready,Towel
today,Decor
Once,Plus
OnceSource,PlusAthens
Mental,Earner
MentalRewardID,EarnerSquashID
TotalMental,GooseEarner
Data,Wise
One,Oft
OneReward,OftSquash
Two,Pig
TwoReward,PigSquash
Three,Track
ThreeReward,TrackSquash
Four,Afar
FourReward,AfarSquash
Info,Tell
Objs,Stop
RewardInfoObjs,SquashTellObjs
Select,Zigzag
Day,Eye
SelectDaySchImage,ZigzagEyeFurTwine
Spine,Overt
Ani,Pin
SpineAni,OvertPin
SelectDaySchText,ZigzagEyeFurRail
Dic,Jaw
SelectDaySchDicText,ZigzagEyeFurJawRail
BlockBtn,TraceSow
Widget,Render
Obj,Sum
MentalWidgetObj,EarnerRenderSum
scroll,Combat
Rect,Most
scrollRect,CombatMost
select,Wearer
Int,Wit
selectInt,WearerWit
Ad,Up
AdBtn,UpSow
Normal,Detach
NormalBtn,DetachSow
Cash,Fare
CashText,FareRail
SchText,FurRail
Tittle,Attire
TittleText,AttireRail
Little,Thread
LittleSchText,LittleFurRail
SchImage,FurTwine
SchTwoImage,FurPigTwine
CashImage,FareTwine
Coin,Deem
CoinImage,DeemTwine
Top,Lip
TopImage,LipTwine
Bottom,Refute
BottomImage,RefuteTwine
Start,Spank
StartSpine,SpankOvert
Otherfinish,Practicable
Slot,Play
List,Pity
SlotBlockList,PlayTracePity
BlockList,TracePity
AD,AD
BlockList_AD,TracePity_AD
Scale,Quina
TimeScale,SureQuina
Double,Potato
DoubleBtn,PotatoSow
Receive,Aridity
ReceiveBtn,AriditySow
Loops,Tribe
Box,Axe
BoxSpine,AxeOvert
Bar,Low
RewardBar,SquashLow
show,Flax
showList,FlaxPity
RewardText,SquashRail
SlotObjs,PlayStop
End,Cat
EndRewardText,CatSquashRail
CoinText,DeemRail
CoinTF,DeemTF
CashTF,FareTF
info,Wish
Multiplier,Crossbreed
ui,Up
Element,Finnish
uiElement,uiFinnish
control,Willful
Point,Unify
controlPoint,WillfulUnify
duration,Innocent
t,t
Free,Pull
Spin,Envy
FreeSpinBtn,PullEnvySow
RewardObjs,SquashStop
WheelObj,PerchSum
Effect,Escape
EffectObj,EscapeSum
WheelSpineAni,PerchOvertPin
rewards,Lumiere
Get,Era
Type,Firm
GetRewardType,EraSquashFirm
spin,Zinc
Counts,Sweaty
spinCounts,ZincSweaty
Show,Tune
ShowList,TunePity
Gold,Ride
Button,Should
GoldButton,RideShould
Token,Briny
TokenBtn,BrinySow
Next,They
NextBtn,TheySow
FailedBtn,DampenSow
Challenge,Vigilance
Retay,Total
ChallengeRetayBtn,VigilanceTotalSow
Home,Twig
HomeBtn,TwigSow
SuccessRewardImage,CrowbarSquashTwine
SuccessRewardText,CrowbarSquashRail
Slider,Runoff
BoxRewardSlider,AxeSquashRunoff
BoxRewardSchObj,AxeSquashFurSum
TargetObjs,StrictStop
Best,Hail
ChallengeBestSourceText,VigilanceHailAthensRail
CurChallengeSourceText,LawVigilanceAthensRail
CurChallengeSourceTwoText,LawVigilanceAthensPigRail
BestChallengeSourceTwoText,HailVigilanceAthensPigRail
Rewad,Title
ChallengeRewadImage,VigilanceTitleTwine
Rewed,Alter
ChallengeRewedText,VigilanceAlterRail
FX,FX
FX_Challenge,FX_Vigilance
Fire,Loan
Work,Yarn
FireWork,LoanYarn
FX_FireWork,FX_LoanYarn
RewardChallengeCash,SquashVigilanceFare
Group,Liter
PBGroup,PBLiter
Ancu,Beng
Scene,Flier
Mask,Feat
ChangeSceneMask,OutwitFlierFeat
TopBar,LipLow
BlockGroupObjs,TraceLiterStop
Combo,Tenon
Item,Pack
ComboItem,TenonPack
SourceItem,AthensPack
Check,Gypsy
Board,Salad
CheckBoardGroup,GypsySaladLiter
GameBoard,TownSalad
BlockSP,TraceSP
More,Bike
MoreClear,BikeBlame
ComboSpine,TenonOvert
TargetBarObj,StrictLowSum
SourceBarObj,AthensLowSum
Cue,Shy
CueSourceText,ShyAthensRail
Max,Rim
MaxSourceText,RimAthensRail
Guide,Solid
GuideSpine,SolidOvert
MaskObj,FeatSum
ClearSpineRect,BlameOvertMost
Square,Silent
ClearSpineSquare,BlameOvertSilent
time,Park
isStart,WeSpank
Setting,Lifeway
SettingBtn,LifewaySow
Brain,Hyper
BrainBtn,HyperSow
TargetList,StrictPity
Level,Paris
Over,Ring
LevelOverSpine,ParisRingOvert
Airwall,Correct
LevelStart,ParisSpank
Right,Award
WheelRightImage,PerchAwardTwine
WheelReward1,PerchSquash1
WheelReward2,PerchSquash2
BrainImage,HyperTwine
Progress,Homesick
BrainProgressText,HyperHomesickRail
BottomBar,RefuteLow
Bonus,Bylaw
BonusSpine,BylawOvert
Circle,Loosen
Guidance,Multiply
CircleGuidanceObj,LoosenMultiplySum
RectGuidanceObj,MostMultiplySum
GuideText,SolidRail
GuideTwoText,SolidPigRail
MaskBtn,FeatSow
sch,Beg
ChallengeBtn,VigilanceSow
Classic,Somehow
ClassicBtn,SomehowSow
ClassicBtnText,SomehowSowRail
No,Me
NoClassicBtn,MeSomehowSow
ADButton,ADShould
NextLevelButton,TheyParisShould
ADText,ADRail
SlotBG,PlayBG
RewardCashImage,SquashFareTwine
RewardGoldImage,SquashRideTwine
has,Cue
Clicked,Pickaxe
hasClickedAdBtn,CuePickaxeUpSow
BG,BG
targetList,LoggerPity
slider,Urchin
sliderImage,UrchinTwine
progress,Luncheon
progressText,LuncheonRail
multi,Label
item,Fare
text,Halt
textItem,HaltPack
OnceChapterObjs,PlusTributeStop
ChangeSchBtn,OutwitFurSow
CurLevelText,LawParisRail
Content,Compose
Trophy,Worker
TrophyFX,WorkerFX
TrophyImage,WorkerTwine
ShowObjs,TuneStop
Stars,Snipe
star,Thaw
Sprite,Subway
star1Sprite,Thaw1Subway
star2Sprite,Thaw2Subway
Lose,Cast
CLoseBtn,CCastSow
Revive,Fanner
ReviveText,FannerRail
reward,Makeup
rewardType,MakeupFirm
Scraping,Kerosene
Widgets,Eagerly
ScrapingCardWidgets,KeroseneWrapEagerly
RewardObj,SquashSum
Rub,Gut
RewardRubObj,SquashGutSum
RubObj,GutSum
Hide,Wear
Cover,Amaze
HideCoverBtn,WearAmazeSow
rewardItem,MakeupPack
_rewardItem,_MakeupPack
rewardCount,MakeupCajun
Pool,Have
TotalRewardPool,GooseSquashHave
clear,Ocher
clearCount,OcherCajun
rewardPool,MakeupHave
Sound,Spend
Sound_Button,Spend_Should
Music,Agree
Music_Button,Agree_Should
Vibration,Plausible
VibrationBtn,PlausibleSow
Icon,Maya
SoundIcon,SpendMaya
MusicIcon,AgreeMaya
VibrationIcon,PlausibleMaya
BackBtn,HallSow
Open,Abut
SoundOpenSprite,SpendAbutSubway
MusicOpenSprite,AgreeAbutSubway
VibrationOpenSprite,PlausibleAbutSubway
Init,Rake
InitGroup,RakeLiter
template,Identity
Multi,Genre
Object,Poison
templateMultiObject,IdentityGenrePoison
Width,Black
itemWidth,FareBlack
RewardIcon,SquashMaya
GoldIcon,RideMaya
CashIcon,FareMaya
Finish,Cannon
FinishIcon,CannonMaya
Audio,Coach
Mgr,Own
AudioMgr,CoachOwn
Component,Temporary
Queue,Valse
AudioComponentQueue,CoachTemporaryValse
MaxCount,RimCajun
AudioQueue,CoachValse
m,m
bg,To
bgMusic,ToAgree
m_bgMusic,m_ToAgree
Play,Luce
PlayAudioSourceList,LuceCoachAthensPity
Interval,Assemble
CheckInterval,GypsyAssemble
Bg,At
Switch,Fusion
BgMusicSwitch,AtAgreeFusion
_BgMusicSwitch,_AtAgreeFusion
EffectMusicSwitch,EscapeAgreeFusion
_EffectMusicSwitch,_EscapeAgreeFusion
Volume,Adhere
BgVolume,AtAdhere
_BgVolume,_AtAdhere
EffectVolume,EscapeAdhere
_EffectVolume,_EscapeAdhere
BGM,BGM
Name,Bull
BGM_Name,BGM_Bull
Dict,Bird
AudioSettingDict,CoachLifewayBird
Round,Raise
Digits,Commit
RoundDigits,RaiseCommit
frames,Gender
framerate,Departure
ignore,Potion
ignoreTimeScale,PotionSureQuina
loop,Eddy
curve,Eject
image,Tribe
sprite,Forest
Renderer,Separate
spriteRenderer,ForestSeparate
Frame,Lover
Index,Match
currentFrameIndex,ManagerLoverMatch
timer,Crowd
Framerate,Dropstone
currentFramerate,ManagerDropstone
Target_Type,Strict_Firm
Layout,Visual
Layout_Type,Visual_Firm
Run,Arm
Run_Time,Arm_Sure
Number,Bright
Layout_Number,Visual_Bright
dictionary,Tyrannical
Message,Anemone
dictionaryMessage,TyrannicalAnemone
value,Olive
Bool,Know
valueBool,OliveKnow
valueBool2,OliveKnow2
valueInt,OliveWit
valueInt2,OliveWit2
valueInt3,OliveWit3
Float,Flock
valueFloat,OliveFlock
valueFloat2,OliveFlock2
valueDouble,OlivePotato
valueDouble2,OlivePotato2
String,Thrive
valueString,OliveThrive
valueString2,OliveThrive2
valueGameObject,OliveTownPoison
valueGameObject2,OliveTownPoison2
valueGameObject3,OliveTownPoison3
valueGameObject4,OliveTownPoison4
Transform,Excursion
valueTransform,OliveExcursion
value2Transform,Olive2Excursion
valueStringList,OliveThrivePity
Vec,Rid
valueVec,OliveRid
valueVec2List,OliveRid2Pity
valueIntList,OliveWitPity
message,Yucatan
messageCallBack,YucatanStopHall
vec,Per
vec2_1,vec2_1
vec2_2,Per2_2
Login,Glare
Url,Eat
LoginUrl,GlareEat
Config,Barter
ConfigUrl,BarterEat
TimeUrl,SureEat
Adjust,Maroon
AdjustUrl,MaroonEat
sv,My
Local,Krill
User,Jade
Id,So
LocalUserId,KrillJadeSo
sv_LocalUserId,My_KrillJadeSo
Server,Sneeze
LocalServerId,KrillSneezeSo
sv_LocalServerId,My_KrillSneezeSo
Is,On
New,Sow
Player,Studio
IsNewPlayer,OnNewStudio
sv_IsNewPlayer,My_OnNewStudio
Daily,Image
Bouns,Vigor
DailyBounsGetCount,ImageVigorEraCajun
sv_DailyBounsGetCount,My_ImageVigorEraCajun
Date,Fray
DailyBounsDate,ImageVigorFray
sv_DailyBounsDate,My_ImageVigorFray
NewUserStep,SowJadeGulf
sv_NewUserStep,My_SowJadeGulf
GoldCoin,RideDeem
sv_GoldCoin,My_RideDeem
Cumulative,Neurospora
CumulativeGoldCoin,NeurosporaRideDeem
sv_CumulativeGoldCoin,My_NeurosporaRideDeem
sv_Token,My_Briny
CumulativeToken,NeurosporaBriny
sv_CumulativeToken,My_NeurosporaBriny
Amazon,Accord
sv_Amazon,My_Accord
CumulativeAmazon,NeurosporaAccord
sv_CumulativeAmazon,My_NeurosporaAccord
TotalGameTime,GooseTownSure
sv_TotalGameTime,My_GooseTownSure
First,Verse
FirstGetToken,VerseEraBriny
sv_FirstGetToken,My_VerseEraBriny
Has,Spy
Rate,Clue
Panel,Delta
HasShowRatePanel,SpyTuneClueDelta
sv_HasShowRatePanel,My_SpyTuneClueDelta
Lottery,Lightly
CumulativeLottery,NeurosporaLightly
sv_CumulativeLottery,My_NeurosporaLightly
Already,Slavery
Pass,Coil
Levels,Doctor
AlreadyPassLevels,SlaveryCoilDoctor
sv_AlreadyPassLevels,My_SlaveryCoilDoctor
NewUserStepFinish,SowJadeGulfCannon
sv_NewUserStepFinish,My_SowJadeGulfCannon
task,Pest
level,Whole
count,North
sv_task_level_count,My_Pest_Whole_North
FirstSlot,VersePlay
sv_FirstSlot,My_VersePlay
Adid,Deco
AdjustAdid,MaroonDeco
sv_AdjustAdid,My_MaroonDeco
ad,On
trial,Xenon
num,Nor
sv_ad_trial_num,My_ad_Xenon_Nor
total,Print
sv_total_ad_num,My_Print_On_Nor
BlockGroupCount,TraceLiterCajun
sv_BlockGroupCount,My_TraceLiterCajun
LevelId,ParisSo
sv_LevelId,My_ParisSo
WheelCount,PerchCajun
sv_WheelCount,My_PerchCajun
sv_WheelReward,My_PerchSquash
Today,Idiom
TodaySourceCount,IdiomAthensCajun
sv_TodaySourceCount,My_IdiomAthensCajun
CurSourceCount,LawAthensCajun
sv_CurSourceCount,My_LawAthensCajun
MaxSourceCount,RimAthensCajun
sv_MaxSourceCount,My_RimAthensCajun
RewardType,SquashFirm
sv_RewardType,My_SquashFirm
Value,Stick
RewardValue,SquashStick
sv_RewardValue,My_SquashStick
ScratchCardCount,DormantWrapCajun
sv_ScratchCardCount,My_DormantWrapCajun
Exist,Glass
ExistScratchCard,GlassDormantWrap
sv_ExistScratchCard,My_GlassDormantWrap
Place,Brief
PlaceBlockCount,BriefTraceCajun
sv_PlaceBlockCount,My_BriefTraceCajun
ComboCount,TenonCajun
sv_ComboCount,My_TenonCajun
Mode,Drum
CurGameMode,LawTownDrum
sv_CurGameMode,My_LawTownDrum
MentalSourceInfo,EarnerAthensTell
sv_MentalSourceInfo,My_EarnerAthensTell
FinishStage,CannonBadly
sv_FinishStage,My_CannonBadly
IsCompleteChapter,OnFeldsparTribute
sv_IsCompleteChapter,My_OnFeldsparTribute
Preset,Puffin
BlockPreset,TracePuffin
sv_BlockPreset,My_TracePuffin
PresetCount,PuffinCajun
sv_PresetCount,My_PuffinCajun
Logic,Fiber
Correction,Electronic
LogicCorrectionBlock,FiberElectronicTrace
sv_LogicCorrectionBlock,My_FiberElectronicTrace
FloatLogicCorrectionBlock,FlockFiberElectronicTrace
sv_FloatLogicCorrectionBlock,My_FlockFiberElectronicTrace
Vibrate,Astound
IsVibrate,OnAstound
sv_IsVibrate,My_OnAstound
SettingHome,LifewayTwig
sv_SettingHome,My_LifewayTwig
Rule,Bulb
GuideGameRule,SolidTownBulb
sv_GuideGameRule,My_SolidTownBulb
GuideGameSch,SolidTownFur
sv_GuideGameSch,My_SolidTownFur
Record,Dugout
DayRecordWidget,EyeDugoutRender
sv_DayRecordWidget,My_EyeDugoutRender
Rateus,Remind
sv_Rateus,My_Remind
IsRevive,OnFanner
sv_IsRevive,My_OnFanner
ClassicBonus,SomehowBylaw
sv_ClassicBonus,My_SomehowBylaw
mg,Of
Window,Lawyer
WindowOpen,LawyerAbut
mg_WindowOpen,Of_LawyerAbut
Close,Wheel
WindowClose,LawyerWheel
mg_WindowClose,Of_LawyerWheel
levelcomplete,Indiscernible
mg_ui_levelcomplete,Of_Up_Indiscernible
addgold,Pigment
mg_ui_addgold,Of_Up_Pigment
addtoken,Director
mg_ui_addtoken,Of_Up_Director
Special,Flannel
addtokenSpecial,DirectorFlannel
mg_ui_addtokenSpecial,Of_Up_DirectorFlannel
addamazon,Retentive
mg_ui_addamazon,Of_Up_Retentive
Suspend,Density
GameSuspend,TownDensity
mg_GameSuspend,Of_TownDensity
ItemChange,PackOutwit
mg_ItemChange_,Of_PackOutwit_
Refresh,Absence
RefreshLevelTarget,AbsenceParisStrict
mg_RefreshLevelTarget,Of_AbsenceParisStrict
RefreshSource,AbsenceAthens
mg_RefreshSource,Of_AbsenceAthens
Scard,There
ScardReward,ThereSquash
mg_ScardReward,Of_ThereSquash
WheelUI,PerchUI
mg_WheelUI,Of_PerchUI
BrainUI,HyperUI
mg_BrainUI,Of_HyperUI
And,Fur
Com,Beg
CloseAndComGuide,WheelAndComSolid
mg_CloseAndComGuide,Of_WheelAndComSolid
ChangeGuideGameRule,OutwitSolidTownBulb
mg_ChangeGuideGameRule,Of_OutwitSolidTownBulb
path,Kill
path_GoldCoin_Sprite,Kill_RideDeem_Subway
Dimond,Rocket
path_Token_Sprite_Dimond,Kill_Briny_Subway_Rocket
path_Block,Kill_Trace
TIMEOUT,TIMEOUT
Base,Tine
BaseUrl,TineEat
BaseLoginUrl,TineGlareEat
BaseConfigUrl,TineBarterEat
BaseTimeUrl,TineSureEat
BaseAdjustUrl,TineMaroonEat
Code,Spin
GameCode,TownSpin
Channel,Adverse
country,Kinglet
ConfigData,BarterWise
InitData,RakeWise
GameData,TownWise
Manager,Worship
adManager,OnWorship
gaid,Tear
aid,Ice
idfa,Work
ready_count,Towel_North
version,Finnish
GetSuccess,EraCrowbar
Fail,Asia
GetFail,EraAsia
Net,Pry
NetWorkGetList,PryYarnEraPity
Post,Trip
NetWorkPostList,PryYarnTripPity
URL,URL
Form,Pick
PostSuccess,TripCrowbar
PostFail,TripAsia
PoolQueue,HaveValse
m_PoolQueue,m_HaveValse
PoolName,HaveBull
m_PoolName,m_HaveBull
Parent,Inform
m_Parent,m_Inform
prefab,Absurd
m_MaxCount,m_RimCajun
Default,Finance
DefaultMaxCount,FinanceRimCajun
m_DefaultMaxCount,m_FinanceRimCajun
PoolDic,HaveJaw
m_PoolDic,m_HaveJaw
Root,Plum
RootTransform,PlumExcursion
m_RootTransform,m_PlumExcursion
Toast,Leafy
ToastText,LeafyRail
need,Goat
needStartRefresh,GoatSpankAbsence
ShowObj,TuneSum
BlockInfo,TraceTell
Pos,Day
BlockPos,TraceDay
canvas,Across
canvasGroup,AcrossLiter
id,It
_id,_It
block,Carol
blockItem,CarolPack
_blockItem,_CarolPack
Easy,Rent
EasyBlockInfo,RentTraceTell
ChangeBlock,OutwitTrace
Sprites,Lightly
BlockSprites,TraceSprites
BlockTargetSprites,TraceStrictLightly
Items,Allay
ShowBlockItems,TuneTraceAllay
BlockGroupItems,TraceLiterAllay
Color,Pluck
ColorBlockSprites,PluckTraceLightly
A,A
ColorBlockSprites_A,PluckTraceLightly_A
json,Hand
jsonTwo,HandPig
CheckBoardTarget,GypsySaladStrict
Limit,Alone
ClassicSourceCountLimit,SomehowAthensCajunAlone
BlockImage,TraceTwine
SelectImage,ZigzagTwine
Can,Bis
Plete,Biome
CanComPleteImage,BisBegBiomeTwine
ClearObj,BlameSum
FlyEffect,PerEscape
spine,Stock
X,X
Y,Y
original,Affinity
originalColor,AffinityPluck
RewardImage,SquashTwine
Appear,Forget
GoldAppearSpine,RideForgetOvert
CashAppearSpine,FareForgetOvert
CheckBoardInfo,GypsySaladTell
TotalCheckBoard,GooseGypsySalad
Prompt,Nature
PromptCheckBoard,NatureGypsySalad
Distance,Skillful
ChangeDistance,OutwitSkillful
ChangeBaseBlock,OutwitTineTrace
NeedClearObj,LiraBlameSum
PromptObj,NatureSum
CashShowPos,FareTuneDay
SourceShowPos,AthensTuneDay
ClearBlockGroupCount,BlameTraceLiterCajun
AniNeedClearBoard,PinLiraBlameSalad
ScratchObjs,DormantStop
check,Foray
checkBoardInfo,ForaySaladTell
visited,Unusual
ClearInfo,BlameTell
NewTotal,SowGoose
ChangeTotal,OutwitGoose
BlockInfoTwo,TraceTellPig
BaseBlock,TineTrace
Filling,Dolphin
FillingBlockDic,DolphinTraceJaw
Fill,Pick
To,ID
TotalFillFourToFour,GooseFillAfarIDAfar
isHaveBlock,WeTestTrace
FillBlockGroup,PickTraceLiter
NewTotalTwo,SowGoosePig
ChangeTotalTwo,OutwitGoosePig
FlyTarget,PerStrict
strength,Internet
vibrato,Battery
randomness,Impregnate
FailedBlock,DampenTrace
Fix,Cab
FixObj,CabSum
levelInfoData,WholeTellWise
totalBlockToCheckBoard,PrintTraceIDGypsySalad
totalBlockThree,PrintTraceTrack
CurLevelInfo,LawParisTell
totalTargetList,PrintStrictPity
targetCount,LoggerCajun
_target,_Logger
_target_count,_Logger_North
Showlist,Reliable
Ints,Knap
CheckBoardInfoInts,GypsySaladTellKnap
size,Just
input,Aural
Numbers,Gravity
inputNumbers,AuralGravity
converted,Inference
convertedNumbers,InferenceGravity
Sum,Wax
SumTargetCount,WaxStrictCajun
random,Create
randomTarget,CreateStrict
Draw,Levy
isStartDraw,WeSpankLevy
Drag,Core
isEndDrag,WeCatCore
SelectPoint,ZigzagUnify
SelectObj,ZigzagSum
Eraser,Rubble
isStartEraser,WeSpankRubble
isEndEraser,WeCatRubble
eraser,Appear
Event,Glass
eraserStartEvent,AppearSpankEvent
eraserEndEvent,AppearCatGlass
Tex,Pit
uiTex,UpPit
tex,Old
My,To
MyTex,MyPit
mWidth,mBlack
Height,Spinet
mHeight,mSpinet
brush,Slice
Size,From
brushSize,SliceFrom
rate,Shun
max,Owe
maxColorA,OwePluckA
color,Trash
colorA,TrashA
start,Rocky
startDraw,RockyLevy
two,Map
Points,Ending
twoPoints,MapEnding
last,Page
lastPos,PageDay
penult,Brutal
penultPos,BrutalDay
distance,Listener
fate,Band
Lists,Watch
isStartEraserLists,WeSpankRubbleWatch
isEndEraserLists,WeCatRubbleWatch
uiTextList,UpRailPity
texLists,OldWatch
MyTexLists,ToPitWatch
mWidthLists,mBlackWatch
mHeightLists,mSpinetWatch
brushSizeLists,SliceFromWatch
rateLists,ShunWatch
maxColorALists,OwePluckAWatch
colorALists,TrashAWatch
isStartEraserTwo,WeSpankRubblePig
isEndEraserTwo,WeCatRubblePig
uiTexTwo,UpPitPig
texTwo,OldPig
MyTexTwo,ToPitPig
mWidthTwo,mBlackPig
mHeightTwo,mSpinetPig
brushSizeTwo,SliceFromPig
rateTwo,ShunPig
maxColorATwo,OwePluckAPig
colorATwo,TrashAPig
startDrawTwo,RockyLevyPig
twoPointsTwo,MapEndingPig
lastPosTwo,PageDayPig
penultPosTwo,BrutalDayPig
radius,Orange
radiusTwo,OrangePig
distanceTwo,ListenerPig
fateTwo,BandPig
index,Route
Pinball,Village
PinballBottom,VillageRefute
column,Fervor
columnGroup,FervorLiter
CashObj,FareSum
ComPleteObj,BegBiomeSum
Un,To
UnCompleteObj,UnFeldsparSum
Ok,My
OkObj,OkSum
CoinObj,DeemSum
Iamge,Bland
SchIamge,FurBland
Dis,Ted
DisText,TedRail
TodayObj,IdiomSum
Before,Bottom
BeforeObj,BottomSum
BeforeDataText,BottomWiseRail
TodayDataText,IdiomWiseRail
Down,Kier
CountDownText,CajunKierRail
SelectBtn,ZigzagSow
ID,ID
CloseButton,WheelShould
AdjustAdidText,MaroonDecoRail
ServerIdText,SneezeSoRail
Act,Lap
Counter,Measure
ActCounterText,LapMeasureRail
AdjustTypeText,MaroonFirmRail
Reset,Rough
ResetActCountButton,RoughLapCajunShould
Add,Box
AddActCountButton,BoxLapCajunShould
Last,Goat
LastPlayTimeCounterText,LastLuceSureMeasureRail
Counter101Text,Measure101Rail
Counter102Text,Measure102Rail
Counter103Text,Measure103Rail
Trial,Slave
Num,Jay
TrialNumText,SlaveJayRail
Rewarded,Ogallala
PlayRewardedAdButton,LuceOgallalaUpShould
Interstitial,Indifference
PlayInterstitialAdButton,LuceIndifferenceUpShould
Thanks,Arctic
NoThanksButton,MeArcticShould
TrialNumButton,SlaveJayShould
TimeInterstitialText,SureIndifferenceRail
Pause,Major
PauseTimeInterstitialButton,MajorSureIndifferenceShould
Resume,Methyl
ResumeTimeInterstitialButton,MethylSureIndifferenceShould
outline,Tribute
Vertex,Fathom
outlineVertexList,outlineFathomPity
_outlineVertexList,_outlineFathomPity
vertex,Pigeon
vertexList,PigeonPity
_vertexList,_PigeonPity
App,Sea
AppSetting,SeaLifeway
_AppSetting,_SeaLifeway
SYS,SYS
PATH,PATH
CANVAS,CANVAS
SYS_PATH_CANVAS,SYS_PATH_CANVAS
UIFORMS,UIFORMS
CONFIG,CONFIG
INFO,INFO
SYS_PATH_UIFORMS_CONFIG_INFO,SYS_PATH_UIFORMS_CONFIG_INFO
TAG,TAG
SYS_TAG_CANVAS,SYS_TAG_CANVAS
NORMAL,NORMAL
NODE,NODE
SYS_NORMAL_NODE,SYS_NORMAL_NODE
FIXED,FIXED
SYS_FIXED_NODE,SYS_FIXED_NODE
POPUP,POPUP
SYS_POPUP_NODE,SYS_POPUP_NODE
TOP,TOP
SYS_TOP_NODE,SYS_TOP_NODE
SCRIPTMANAGER,SCRIPTMANAGER
SYS_SCRIPTMANAGER_NODE,SYS_SCRIPTMANAGER_NODE
UICAMERA,UICAMERA
SYS_UICAMERA_NODE,SYS_UICAMERA_NODE
on,Dy
onClick,DyScene
onDown,DyKier
Enter,Fence
onEnter,DyFence
Exit,Flat
onExit,DyFlat
Up,So
onUp,DyUp
onSelect,DyZigzag
Update,Wooden
onUpdateSelect,DyWoodenZigzag
dic,Wok
Messages,Scraping
dicMessages,WokScraping
_dicMessages,_WokScraping
Key,Win
_Key,_Win
Values,Backup
_Values,_Backup
Instance,Chlorine
_Instance,_Chlorine
ht,On
Go,It
Canvas,Graham
GoCanvasRoot,GoGrahamPlum
_GoCanvasRoot,_GoGrahamPlum
Tra,You
Scripts,Foghorn
Node,Rule
TraUIScriptsNode,YouUIFoghornRule
_TraUIScriptsNode,_YouUIFoghornRule
GoToPanel,ItIDDelta
_GoToPanel,_ItIDDelta
GoMaskPanel,ItFeatDelta
_GoMaskPanel,_ItFeatDelta
Camera,Barely
UICamera,UIBarely
_UICamera,_UIBarely
Original,Lifetime
Depth,Pilot
OriginalUICameraDepth,LifetimeUIBarelyPilot
_OriginalUICameraDepth,_LifetimeUIBarelyPilot
Instatnce,Frustrate
_Instatnce,_Frustrate
Lauguage,Gyration
Cache,Miner
DicLauguageCache,JawGyrationMiner
_DicLauguageCache,_JawGyrationMiner
Current,Eagerly
CurrentUIType,CurrentUIFirm
_CurrentUIType,_CurrentUIFirm
close,Alive
button,Stroke
close_button,Alive_Stroke
Main,Anew
MainCanvas,AnewGraham
Forms,Aware
Paths,Daddy
DicFormsPaths,JawAwareDaddy
_DicFormsPaths,_JawAwareDaddy
DicALLUIForms,JawALLUIAware
_DicALLUIForms,_JawALLUIAware
Sta,One
StaCurrentUIForms,OneEagerlyUIAware
_StaCurrentUIForms,_OneEagerlyUIAware
DicCurrentShowUIForms,JawEagerlyTuneUIAware
_DicCurrentShowUIForms,_JawEagerlyTuneUIAware
Wait,Wild
WaitUIForms,WildUIAware
_WaitUIForms,_WildUIAware
Transfrom,Diffusely
TraCanvasTransfrom,YouGrahamDiffusely
_TraCanvasTransfrom,_YouGrahamDiffusely
TraNormal,YouDetach
_TraNormal,_YouDetach
Fixed,Month
TraFixed,YouMonth
_TraFixed,_YouMonth
Pop,Vas
TraPopUp,YouVasSo
_TraPopUp,_YouVasSo
_Top,_Lip
TraUIScripts,YouUIFoghorn
_TraUIScripts,_YouUIFoghorn
TraUICamera,YouUIBarely
_TraUICamera,_YouUIBarely
PanelName,DeltaBull
PanelNameList,DeltaBullPity
Reverse,Imitate
IsClearReverseChange,OnBlameImitateOutwit
mask,Yean
mypageview,Continuous
rect,Roll
pos,Dry
posList,DryPity
isDrag,WeCore
stop,Wing
Move,Worm
stopMove,WingWorm
Horizontal,Prosperity
targetHorizontal,LoggerProsperity
startDragHorizontal,RockyCoreProsperity
smooting,Juvenile
sensitivity,Extensively
On,ID
Page,Buzz
OnPageChange,OnBuzzOutwit
currentPageIndex,ManagerBuzzMatch
Cell,Yuan
itemCell,FareYuan
content,Patriot
spacing,Acetate
totalWidth,PrintBlack
totalHeight,PrintSpinet
visible,Misdeed
visibleCount,MisdeedCajun
Clac,Flax
isClac,WeClac
startIndex,RockyMatch
lastIndex,PageMatch
itemHeight,FareSpinet
itemList,FarePity
visibleList,MisdeedPity
all,Oft
allList,allPity
Volmue,Injury
EffectVolmue,EscapeInjury
Frames,Corral
Ignore,Preach
IgnoreTimeScale,PreachSureQuina
Loop,Bore
Package,Flicker
PackageName,FlickerBull
GetNetWorkGetListCount,EraPryYarnEraPityCajun
GetNetWorkPostListCount,EraPryYarnTripPityCajun
Prefab,Studio
small,Chief
Array,Fatal
smallArray,ChiefFatal
shape,Grape
limit,Naked
weight,Weaken
height,Keenly
widht,Adopt
difficulty,Incinerate
ThreeToThree,TrackIDTrack
layout,Barter
Boards,Greece
BlockToCheckBoards,TraceIDGypsyGreece
Thr,Leo
Fou,Toy
Fiv,Pry
Six,Boy
Sev,Alp
Eig,Ill
Nin,Fox
OnceBlockInfo,PlusTraceTell
LevelData,ParisWise
target_count,Logger_North
DataCount,WiseCajun
Line,Verb
LineHeight,VerbSpinet
PopShow,VasTune
PopHide,VasWear
ChangeNumber,OutwitBright
GoldMoveBest,RideWormHail
BlockNewGoldMove,TraceSowRideWorm
Jump,Cube
BlockNewGoldJump,TraceSowRideCube
Scroll,Unsung
HorizontalScroll,ProsperityUnsung
ClearAni,BlamePin
Faild,Unify
GameFaildAni,TownFaildPin
LevelOver,ParisRing
push,Beak
Bubble,Superb
pushBubble,BeakSuperb
Rotate,Carpet
Vector,Barely
RotateVector,CarpetVector
OverClearAni,RingBlamePin
Bezier,Season
GetBezierPoint,EraSeasonUnify
Third,Youth
GetThird,EraYouth
Order,Civil
BezierPoint,SeasonUnify
GetThird_Order_BezierPoint,EraYouth_Civil_SeasonUnify
Beizer,Mainly
GetBeizerList,EraMainlyPity
BeizerList,MainlyPity
GetThird_Order_BeizerList,EraYouth_Civil_MainlyPity
Print,Truly
Merge,Diver
get,Rub
getCameraWidth,RubBarelyBlack
getCameraHeight,RubBarelySpinet
World,Smite
getWorldPoint,RubSmiteUnify
Nearest,Kingdom
GetNearestGameObject,EraKingdomTownPoison
Angle,Syrup
PointToAngle,UnifyIDSyrup
Angle180To360,Syrup180ID360
Unity,Pinch
Direction,Sobriquet
GetUnityDirection,EraPinchSobriquet
Texture,Utility
True,Peat
getTextureTrueSize,RubUtilityPeatFrom
getSpriteSize,RubSubwayFrom
Touch,Trunk
Position,Sulfuric
getTouchPosition,RubTrunkSulfuric
Weight,Accept
getWeightIndex,RubAcceptMatch
Random,Retool
Sequence,Scarcity
GetRandomSequence,EraRetoolScarcity
Dictionary,Blacksmith
StringToDictionary,ThriveIDBlacksmith
DictionaryToString,BlacksmithIDThrive
Diff,Tine
DayDateDiff,EyeFrayDiff
Sec,May
SecDateDiff,MayFrayTine
DateDiff,FrayTine
At,It
GetPosAtText,EraDayAtRail
By,Up
Area,Slum
DistanceByArea,SkillfulBySlum
Encrypt,Ragtime
EncryptDES,RagtimeDES
Decrypt,Harmony
DecryptDES,HarmonyDES
WorldToCanvasPos,SmiteIDGrahamDay
Set,Fat
SetTargetImage,FatStrictTwine
ChangeCompleteChapterStage,OutwitFeldsparTributeBadly
GetCompleteChapterStage,EraFeldsparTributeBadly
GetIsComplete,EraOnFeldspar
Belong,Cavity
GetBelongToChapter,EraCavityIDTribute
GetChapterInfo,EraTributeTell
InitGameData,RakeTownWise
getGold,RubRide
add,Eel
addGold,EelRide
getToken,RubBriny
addToken,EelBriny
addTokenTwo,EelBrinyPig
getAmazon,RubAccord
addAmazon,EelAccord
ItemStart,PackSpank
Settings,Bulldoze
SetGameSettings,FatTownBulldoze
Late,Risk
TimeLate,SureRisk
TimeLateIE,SureRiskIE
Execute,Onetime
ExecuteFinish,OnetimeCannon
Do,At
DoNextStep,DoTheyGulf
game,Bite
gameInit,BiteRake
AddWheelSch,BoxPerchFur
ClearWheelSch,BlamePerchFur
ChangeWheelReward,OutwitPerchSquash
ShowWheelPanel,TunePerchDelta
Timalate,Seashell
GetWheelSch,EraPerchFur
ShowScratchCardPanel,TuneDormantWrapDelta
GetMultiplier,EraCrossbreed
GetAddCount,EraBoxCajun
Scr,One
GetScrValue,EraScrStick
FinishGame,CannonTown
RandomInt,RetoolWit
RandomList,RetoolPity
RandomValue,RetoolStick
IsAddValue,OnBoxStick
Tap,Can
TapPopVibrate,CanVasAstound
AddSource,BoxAthens
AddGuideSource,BoxSolidAthens
ClearOnceSource,BlamePlusAthens
GetAddOnceSource,EraBoxPlusAthens
ChangeSourceReward,OutwitAthensSquash
RefreshSourceReward,AbsenceAthensSquash
Month,Delft
GetDataToMonth,EraWiseIDDelft
GetOnceMentalInfo,EraPlusEarnerTell
SourceSch,AthensFur
ShowSourcePanel,TuneAthensDelta
NewLevel,SowParis
PlaceBlock,BriefTrace
ChangeCombo,OutwitTenon
AddCombo,BoxTenon
ClearCombo,BlameTenon
GetCombo,EraTenon
BlockBtnClick,TraceSowScene
ScrollToBottom,UnsungIDRefute
RefreshUI,AbsenceUI
MentalClick,EarnerScene
RefreshRewardInfo,AbsenceSquashTell
AdBtnClick,UpSowScene
NormalBtnClick,DetachSowScene
Doudle,Sketch
Animation,Fossilize
DoudleAnimation,SketchFossilize
ChangeSceneAni,OutwitFlierPin
Invoke,Bother
InvokeFinish,BotherCannon
AddReward,BoxSquash
After,Relax
AfterDoubleReward,RelaxPotatoSquash
init,Vine
SlotAni,PlayPin
SlotAni_1,PlayPin_1
ADSlot,ADPlay
Action,Lazily
SlotAction,PlayLazily
ShowAni,TunePin
OpenBox,AbutAxe
RefreshSlotUI,AbsencePlayUI
Star,Snow
FlyStar,PerSnow
Calculate,Prostrate
CalculateBezierPoint,ProstrateSeasonUnify
gold,Card
goldAddAnimation,CardBoxFossilize
token,Until
tokenAddAnimation,UntilBoxFossilize
addAnimation,EelFossilize
FreeSpinBtnClick,PullEnvySowScene
CloseBtnClick,WheelSowScene
SpinAni,EnvyPin
RefreshReward,AbsenceSquash
RefreshRewardUI,AbsenceSquashUI
Roulette,Cenozoic
SetRouletteItems,FatCenozoicAllay
ShowChange,TuneOutwit
Reflash,Appoint
ReflashRewardBox,AppointSquashAxe
Chest,Pylon
ShowChestPanel,TunePylonDelta
ChallengeAni,VigilancePin
RefreshTargetUI,AbsenceStrictUI
LevelFinishAnimation,ParisCannonFossilize
RefreshSourceUI,AbsenceAthensUI
ComboShowAni,TenonTunePin
ShowSourceItem,TuneAthensPack
ChangeIsCompleteGuide,OutwitOnFeldsparSolid
Hand,Rate
isShowHand,WeTuneRate
ShowClearSpine,TuneBlameOvert
Speical,Preside
tokenAddAnimationSpeical,UntilBoxFossilizePreside
addAnimationSpeical,EelFossilizePreside
RefreshWheelUI,AbsencePerchUI
RefreshBrainUI,AbsenceHyperUI
Animate,Replica
AnimateProgressBar,ReplicaHomesickLow
LevelSuccess,ParisCrowbar
GuideTimeLate,SolidSureRisk
ClosePanel,WheelDelta
ChallengeBtnClick,VigilanceSowScene
isNewUser,WeSowJade
getSlotMultiIndex,RubPlayGenreMatch
play,Rich
playSlot,RichPlay
ShowAnimation,TuneFossilize
ShowTrophy,TuneWorker
light,Write
lightStart,WriteSpank
closePanel,AliveDelta
CountDown,CajunKier
ShowImage,TuneTwine
RefreshRubImage,AbsenceGutTwine
ShowPanel,TuneDelta
GetScrRandomInts,EraOneRetoolKnap
SetRewardValue,FatSquashStick
Paint,Spell
HidePaint,WearSpell
initMulti,VineGenre
slot,Step
State,Midst
SetState,FatMidst
InitAudioSourceQueue,RakeCoachAthensValse
For,Cow
Audo,Tiny
AddAudioSourceForAudoMgr,BoxCoachAthensCowTinyOwn
GetAudioComponent,EraCoachTemporary
Use,Zoo
UnUseAudioComponent,ToZooCoachTemporary
set,Ask
Bgm,Rid
setBgmCloseOneTime,AskBgmWheelOftSure
Replace,Signify
setBgmReplaceOneTime,AskRidSignifyOftSure
CheckUnUseAudioComponent,GypsyToZooCoachTemporary
All,Jet
SetAllEffectVolume,FatJetEscapeAdhere
PlayBgBase,LuceAtTine
PlayEffectBase,LuceEscapeTine
PlayBg,LuceAt
PlayEffect,LuceEscape
getVolume,RubAdhere
Load,Deft
SetBool,FatKnow
GetBool,EraKnow
SetString,FatThrive
GetString,EraThrive
SetFloat,FatFlock
GetFloat,EraFlock
SetInt,FatWit
GetInt,EraWit
SetIntArray,FatWitFatal
GetIntArray,EraWitFatal
SetFloatArray,FatFlockFatal
GetFloatArray,EraFlockFatal
SetStringArray,FatThriveFatal
GetStringArray,EraThriveFatal
SetVector,FatBarely
SetVector2,FatBarely2
GetVector,EraBarely
GetVector2,EraBarely2
SetVector3,FatBarely3
GetVector3,EraBarely3
Quaternion,Invigorate
SetQuaternion,FatInvigorate
GetQuaternion,EraInvigorate
SetDouble,FatPotato
GetDouble,EraPotato
Stop,Most
DoUpdate,AtWooden
Anchor,Mantle
SetAnchor,FatMantle
Pivot,Brush
SetPivot,FatBrush
layoutAction,BarterLazily
Pin,See
Market,Speedy
OpenAPPinMarket,AbutAPSeeSpeedy
Register,Disprove
Remove,Cortex
Send,Rich
Country,Outflow
getCountry,RubOutflow
GetConfigData,EraBarterWise
Loaction,Audience
GetLoactionData,EraAudienceWise
SetConfigData,FatBarterWise
Ready,Speak
GameReady,TownSpeak
Out,Two
NetWorkTimeOut,PryYarnSureTwo
SendAdjustAdid,RichMaroonDeco
auto,Only
autoMessage,OnlyAnemone
Para,Dung
SendNoParaEvent,RichMeDungGlass
send,Cany
sendGameProgress,CanyTownHomesick
SendEvent,RichGlass
SendPost,RichTrip
end,Fad
Request,Nonself
endRequest,FadNonself
Http,Than
HttpGet,ThanEra
HttpPost,ThanTrip
Recycle,Florist
RecycleAll,FloristJet
Destroy,Generic
Create,Dimply
CreateObjectPool,DimplyPoisonHave
GetGameObject,EraTownPoison
RecycleGameObject,FloristTownPoison
Query,Avoid
QueryPool,AvoidHave
GetInstance,EraChlorine
autoCloseToast,OnlyWheelLeafy
ShowToast,TuneLeafy
setContentLayout,AskComposeVisual
Apple,Cycle
IsApple,OnCycle
Plan,Span
IsPlanAB,OnSpanAB
GameName,TownBull
Editor,Crease
IsEditor,OnCrease
Portrait,Humanity
IsPortrait,OnHumanity
Timestamp,Explosive
GetTimestamp,EraExplosive
Format,Sprout
DateTimeFormat,FraySureSprout
Seconds,Buffalo
SecondsToDateTime,BuffaloIDFraySure
SecondsFormat,BuffaloSprout
Str,Gin
DoubleToStr,PotatoIDGin
GetWeightRandom,EraAcceptRetool
GetWeightRandomIndex,EraAcceptRetoolMatch
In,It
Chance,Reason
InChance,InReason
GetRandomValues,EraRetoolBackup
SelectPos,ZigzagDay
MovePos,WormDay
PointUp,UnifySo
Recover,Heading
RecoverPos,HeadingDay
ShowBlockPos,TuneTraceDay
Piece,Stamp
ChangePiece,OutwitStamp
ChangePos,OutwitDay
ChangeClickStage,OutwitSceneBadly
RefreshBlockDate,AbsenceTraceFray
Creat,Lower
CreatBlock,LowerTrace
RecycleBlock,FloristTrace
AddNewBlockGroup,BoxSowTraceLiter
CompleteOnceBlockGroup,FeldsparPlusTraceLiter
FailedRevive,DampenFanner
ClearAllBlock,BlameJetTrace
GetBlockType,EraTraceFirm
GetGuideBlockType,EraSolidTraceFirm
RefreshTargetBlock,AbsenceStrictTrace
Convert,Venture
ConvertOneToTwo,VentureOftIDPig
GetOneBlock,EraOftTrace
ChangeCanPlace,OutwitBisBrief
ChangeCreatBlockFailedTwo,OutwitLowerTraceDampenPig
ChangeCreatBlockFailed,OutwitLowerTraceDampen
ChangeFailed,OutwitDampen
FailedLogic,DampenFiber
GameOver,TownRing
IsShowRevive,OnTuneFanner
GameFailBlockAni,TownAsiaTracePin
RefreshScratchCard,AbsenceDormantWrap
LogicCorrectionBlockTwo,FiberElectronicTracePig
IsCanLogicCorrectionBlock,OnBisFiberElectronicTrace
SetRewardTypeRandom,FatSquashFirmRetool
ShowRewardImage,TuneSquashTwine
ShowRewardImageAfterSpine,TuneSquashTwineRelaxOvert
ShowSelect,TuneZigzag
ShowCanComPleteImage,TuneBisBegBiomeTwine
ShowBlockImage,TuneTraceTwine
GetSpriteByType,EraSubwayUpFirm
ClearAnimation,BlameFossilize
RefreshCheckBoard,AbsenceGypsySalad
GetRandomColor,EraRetoolPluck
Control,Stately
Slelect,Novelty
ControlSlelectBlock,StatelyNoveltyTrace
ControlPleteBlock,StatelyBiomeTrace
ChangePlaceBlock,OutwitBriefTrace
isCompleteBlockGroup,WeFeldsparTraceLiter
CanPlaceBlock,BisBriefTrace
ChangeTotalPlaceBlock,OutwitGooseBriefTrace
ChangeCanClearBlock,OutwitBisBlameTrace
ClearBlockAni,BlameTracePin
Vertical,Intruder
ChangeVertical,OutwitIntruder
ChangeHorizontal,OutwitProsperity
ChangeBlockGroup,OutwitTraceLiter
GetBlockColor,EraTracePluck
ChangeFillCheckBoard,OutwitPickGypsySalad
isCanFill,WeBisPick
isCanFillBlockVertical,WeBisPickTraceIntruder
Ic,Ox
ChangeLineDIc,OutwitVerbDOx
isCanFillBlockHorizontal,WeBisPickTraceProsperity
ChangeThreeToThree,OutwitTrackIDTrack
IsAddTwoClear,OnBoxPigBlame
Connected,Intensive
Ones,Poet
MaxConnectedOnes,RimIntensivePoet
DFS,DFS
Zeros,Solar
CheckForThreeZerosInLine,GypsyCowTrackSolarItVerb
Slant,Swear
CheckSlantLine,GypsySwearVerb
Find,Miss
Consecutive,Composition
FindMaxConsecutiveOnes,MissRimCompositionPoet
FindTwoOnes,MissPigPoet
Be,It
Separated,Childless
CanZerosBeSeparated,BisSolarBeChildless
GetFillBlockGroup,EraPickTraceLiter
ChangeIsCompleteTarget,OutwitOnFeldsparStrict
GetBlockGroup,EraTraceLiter
GetBlockGroupTwo,EraTraceLiterPig
CanPlaceChangeBlock,BisBriefOutwitTrace
Optimal,Sustain
LogicGetOptimalBlock,FiberEraSustainTrace
Empty,Chaos
ChangeEmptyBlock,OutwitChaosTrace
IsCanOneBlockPlace,OnBisOftTraceBrief
IsCanTwoBlockPlace,OnBisPigTraceBrief
GetFillBlockGroupTwo,EraPickTraceLiterPig
CanPlaceChangeBlockTwo,BisBriefOutwitTracePig
GetFillTwoBlockGroup,EraPickPigTraceLiter
CanPlaceChangeOneBlock,BisBriefOutwitOftTrace
Results,Obvious
GetRewardResults,EraSquashObvious
FlyTargetBlock,PerStrictTrace
Multiple,Proclaim
ComboAndMultipleChange,TenonFurProclaimOutwit
Shake,Pluck
ShakeAnchorPos,ShakeMantleDay
ShowComboSpine,TuneTenonOvert
ShowMoreClear,TuneBikeBlame
GetCashPos,EraFareDay
RefreshFailedBoard,AbsenceDampenSalad
Win,Saw
ShowWinAni,TuneSawPin
Demo,Hear
ShowWinAniDemo,TuneSawPinHear
InitLevelInfo,RakeParisTell
GetCurLevel,EraLawParis
AddLevel,BoxParis
GetCurLevelInfo,EraLawParisTell
RefreshNewTarget,AbsenceSowStrict
GetRandomList,EraRetoolPity
GetThree,EraTrack
ListIntToListString,PityWitIDPityThrive
ListStringToListInt,PityThriveIDPityWit
Roll,Lend
Grid,Tool
RollGridToRight,RollToolIDAward
Left,Fend
RollGridToLeft,LendToolIDFend
Divide,Parish
Into,Sick
Strings,Primacy
DivideListIntoStrings,ParishPitySickPrimacy
ConvertStringToList,VentureThriveIDPity
Space,Chary
ConvertStringToListNoSpace,VentureThriveIDPityMeChary
InitTarget,RakeStrict
RefreshBlockPreset,AbsenceTracePuffin
GetNextBlockGroup,EraTheyTraceLiter
GetRandomTarget,EraRetoolStrict
ConvertNumbers,VentureGravity
Unique,Millet
GetRandomUniqueNumber,EraRetoolMilletBright
Reduce,Acidic
ReduceTarget,AcidicStrict
ChangeSuccess,OutwitCrowbar
InitCover,RakeAmaze
Beizier,Shudder
CheckPoint,GypsyUnify
Transparent,Conspicuous
Percent,Justice
GetTransparentPercent,EraConspicuousJustice
ShowScratchBonus,TuneDormantBylaw
If,We
CheckIfStart,GypsyIfSpank
FinishCover,CannonAmaze
CheckPointTwo,GypsyUnifyPig
GetTransparentPercentTwo,EraConspicuousJusticePig
Cricle,Shovel
PinballShow,VillageTune
RefreshText,AbsenceRail
ShowCounterText,TuneMeasureRail
ShowPauseTimeInterstitial,TuneMajorSureIndifference
Screen,Morale
ScreenSize,MoraleFrom
GetAppSettingMaxNumber,EraSeaLifewayRimBright
Analysis,Iroquois
Json,Cube
InitAndAnalysisJson,RakeFurIroquoisJson
Msg,Cod
Listener,Obedient
AddMsgListener,BoxCodObedient
RemoveMsgListener,CortexCodObedient
ClearAllMsgListener,BlameJetCodObedient
SendMessage,RichAnemone
Asset,Loder
LoadAsset,DeftLoder
SetMaskWindow,FatFeatLawyer
HideMaskWindow,WearFeatLawyer
Cancel,Hinder
CancelMaskWindow,HinderFeatLawyer
The,Spy
Child,Chord
FindTheChildNode,MissTheChordRule
GetTheChildNodeComponentScripts,EraSpyChordRuleTemporaryFoghorn
AddChildNodeComponent,BoxChordRuleTemporary
AddChildNodeToParentNode,BoxChordRuleIDInformRule
ShowText,TuneRail
InitLauguageCache,RakeGyrationMiner
FindChildAddComponent,MissChordBoxTemporary
Freeze,Rainer
Rigister,Immature
RigisterButtonObjectEvent,ImmatureShouldPoisonGlass
OpenUIForm,AbutUIPick
CloseUIForm,WheelUIPick
ReceiveMessage,AridityAnemone
AddPanel,BoxDelta
Sub,Pig
SubPanel,SubDelta
Loading,Orogeny
InitRootCanvasLoading,RakePlumGrahamOrogeny
ShowUIForms,TuneUIAware
Or,No
Return,Finely
CloseOrReturnUIForms,WheelNoFinelyUIAware
ShowNextPopUp,TuneTheyVasSo
ClearWaitUIForms,BlameWildUIAware
Catch,Quill
LoadFormsToALLUIFormsCatch,DeftAwareIDALLUIAwareQuill
LoadUIForm,DeftUIPick
EnterUIFormsCache,FenceUIAwareMiner
ExitUIFormsCache,FlatUIAwareMiner
Formst,Handle
Other,Flair
EnterUIFormstToCacheHideOther,FenceUIHandleIDMinerWearFlair
EnterUIFormsCacheWaitClose,FenceUIAwareMinerWildWheel
From,Foot
ExitUIFormsFromCacheAndShowOther,FlatUIAwareFootMinerFurTuneFlair
Push,Like
PushUIForms,LikeUIAware
PopUIForms,VasUIAware
InitUIFormsPathsData,RakeUIAwareDaddyWise
InitCamera,RakeBarely
Stack,Block
ClearStackArray,BlameBlockFatal
GetCurrentFormStack,EraEagerlyPickBlock
GetPanelByName,EraDeltaUpBull
Opening,Useable
Panels,Frigid
GetOpeningPanels,EraUseableFrigid
pagechange,Perpetuate
SetPageIndex,FatBuzzMatch
SetData,FatWise
UpdateItem,WoodenPack
PopItem,VasPack
PushItem,LikePack
AddItem,BoxPack
Controller,Insatiable
AnimationController,FossilizeInsatiable
Utils,Stilt
BezierUtils,SeasonStilt
Custom,Attire
CustomPrint,CustomTruly
Dictionaries,Condensation
MergeDictionaries,DiverCondensation
System,Relate
GetSystemData,EraRelateWise
Puzzle,Enrich
BlockPuzzleCircleGuidance,TraceEnrichLoosenMultiply
BlockPuzzleGuidanceEventPenetrate,TraceEnrichMultiplyGlassDetermine
BlockPuzzleRectGuidance,TraceEnrichMostMultiply
BlockPuzzleChapterManager,TraceEnrichTributeWorship
BlockPuzzleGameDataManager,TraceEnrichTownWiseWorship
BlockPuzzleGameSchedule,TraceEnrichTownLifelong
GameStartStep,TownSpankGulf
Schedules,Colleague
GameSchedules,TownColleague
BlockPuzzleMainManager,TraceEnrichAnewWorship
BlockPuzzleSourceManager,TraceEnrichAthensWorship
OnceMentalSource,PlusEarnerAthens
BrainPanel,HyperDelta
BrainRewardPanel,HyperSquashDelta
ChangeScene,OutwitFlier
ChestPanel,PylonDelta
ChestScale,PylonQuina
DailyWheelPanel,ImagePerchDelta
FinishPanel,CannonDelta
GameGuidePanel,TownSolidDelta
GamePanel,TownDelta
GuidePanel,SolidDelta
HomePanel,TwigDelta
LevelCompletePanel,ParisFeldsparDelta
LevelTarget,ParisStrict
LoadingPanel,OrogenyDelta
PinballItem,VillagePack
Pixel,Vapor
PixelPanel,VaporDelta
Us,Be
RateUsPanel,ClueBeDelta
RevivePanel,FannerDelta
RewardPanel,SquashDelta
ScratchcardPanel,QualitativeDelta
SettingPanel,LifewayDelta
SlotGroup,PlayLiter
WheelRewardItem,PerchSquashPack
Model,Brass
AudioModel,CoachBrass
AudioSourceQueue,CoachAthensValse
MusicMgr,AgreeOwn
Resources,Amplifier
MusicResourcesMgr,AgreeAmplifierOwn
MusicType,AgreeFirm
Common,Oliver
CommonConfig,OliverBarter
Save,Fail
SaveDataManager,FailWiseWorship
Animator,Withdraw
FrameAnimator,LoverWithdraw
Archor,Vacuum
Tool,Dawn
ArchorTool,VacuumDawn
Auto,Silt
AutoLayout,SiltVisual
RateUsManager,ClueBeWorship
Center,Encase
MessageCenterLogic,AnemoneEncaseFiber
MessageData,AnemoneWise
CConfig,CBarter
NetInfoMgr,PryTellOwn
Script,Severe
PostEventScript,TripGlassSevere
NetWorkGetObject,PryYarnEraPoison
NetWorkManager,PryYarnWorship
NetWorkPostObject,PryYarnTripPoison
ObjectPool,PoisonHave
ObjectPoolManager,PoisonHaveWorship
Mono,Coat
Singleton,Outnumber
MonoSingleton,CoatOutnumber
ToastManager,LeafyWorship
View,Date
ScrollViewContentLayout,UnsungDateComposeVisual
Util,Flaw
CommonUtil,OliverFlaw
DateUtil,FrayFlaw
NumberUtil,BrightFlaw
RandomUtil,RetoolFlaw
StringUtil,ThriveFlaw
BlockPuzzleBlockGroup,TraceEnrichTraceLiter
BlockPuzzleBlockManager,TraceEnrichTraceWorship
BlockPuzzleBlockWidget,TraceEnrichTraceRender
BlockPuzzleCheckBoardManager,TraceEnrichGypsySaladWorship
EmptyBlockPos,ChaosTraceDay
FillFourToFour,PickAfarIDAfar
BlockPuzzleComboWidget,TraceEnrichTenonRender
BlockPuzzleGameBlock,TraceEnrichTownTrace
BlockItem,TracePack
TotalBlockThree,GooseTraceTrack
TotalBlockToCheckBoard,GooseTraceIDGypsySalad
Read,Card
ReadBlockToCheckBoard,ReadTraceIDGypsySalad
BlockToCheckBoard,TraceIDGypsySalad
BlockPuzzleLevelInfoData,TraceEnrichParisTellWise
BlockPuzzleLevelManager,TraceEnrichParisWorship
BlockPuzzleMoveManager,TraceEnrichWormWorship
BlockPuzzleRubImageController,TraceEnrichGutTwineInsatiable
BlockPuzzleRubImageTotalController,TraceEnrichGutTwineGooseInsatiable
BlockPuzzleRubTwoImageController,TraceEnrichGutPigTwineInsatiable
BlockPuzzleScrapingCardWidget,TraceEnrichKeroseneWrapRender
BlockPuzzleMentalRewardWidget,TraceEnrichEarnerSquashRender
BlockPuzzleMentalWidget,TraceEnrichEarnerRender
AdjustTestPanel,MaroonSaleDelta
AdManagerTestPanel,UpWorshipSaleDelta
Outline,Hostile
MultiOutline,GenreHostile
Adaptation,Throughout
ScreenSizeAdaptation,MoraleFromThroughout
ConfigManagerByJson,BarterWorshipUpCube
KeyValuesInfo,WinBackupTell
KeyValuesNode,WinBackupRule
Sys,Key
Define,Unlike
SysDefine,KeyUnlike
Trigger,Harshly
EventTriggerListener,GlassHarshlyObedient
MessageCenter,AnemoneEncase
KeyValuesUpdate,WinBackupWooden
Anlysis,Seabird
Exception,Alchemist
JsonAnlysisException,CubeSeabirdAlchemist
ResourcesMgr,AmplifierOwn
UIMaskMgr,UIFeatOwn
Helper,Corner
UnityHelper,PinchCorner
LauguageMgr,GyrationOwn
BaseUIForms,TineUIAware
UIManager,UIWorship
UIType,UIFirm
MaskControl,FeatStately
PageView,BuzzDate
ScrollView,UnsungDate
ScrollViewItem,UnsungDatePack
ICON,ICON
ICON_512,ICON_512
btn,Gut
btn_01,Gut_01
Coins,Bring
line,Solo
line_btn,Solo_Gut
Lvbis,Biome
Adventure,Glycoside
chessboard,Netherland
earth,Nerve
Adventure_chessboard_earth,Glycoside_Netherland_Nerve
Candy,Wedge
Block_Candy_1,Trace_Wedge_1
Block_Candy_2,Trace_Wedge_2
Block_Candy_3,Trace_Wedge_3
Block_Candy_4,Trace_Wedge_4
Block_Candy_5,Trace_Wedge_5
Cat,Ted
block_Cat_1,Carol_Ted_1
block_Cat_2,Carol_Ted_2
block_Cat_3,Carol_Ted_3
block_Cat_4,Carol_Ted_4
block_Cat_5,Carol_Ted_5
block_Cat_6,Carol_Ted_6
Cherry,Huddle
block_Cherry_1,Carol_Huddle_1
block_Cherry_2,Carol_Huddle_2
block_Cherry_3,Carol_Huddle_3
block_Cherry_4,Carol_Huddle_4
block_Cherry_5,Carol_Huddle_5
block_Cherry_6,Carol_Huddle_6
block_Cherry_7,Carol_Huddle_7
cloud,Boast
block_cloud_1,Carol_Boast_1
block_cloud_2,Carol_Boast_2
block_cloud_3,Carol_Boast_3
block_cloud_4,Carol_Boast_4
Dog,Now
Block_Dog_1,Trace_Now_1
Block_Dog_2,Trace_Now_2
Block_Dog_3,Trace_Now_3
Block_Dog_4,Trace_Now_4
Block_Dog_5,Trace_Now_5
Block_Dog_6,Trace_Now_6
Block_Dog_7,Trace_Now_7
duck,Herd
block_duck_1,Carol_Herd_1
block_duck_2,Carol_Herd_2
block_duck_3,Carol_Herd_3
block_duck_4,Carol_Herd_4
block_duck_5,Carol_Herd_5
block_duck_6,Carol_Herd_6
block_duck_7,Carol_Herd_7
b,b
block_earth_b1,Carol_Nerve_b1
block_earth_b2,Carol_Nerve_b2
block_earth_b3,Carol_Nerve_b3
g,g
block_earth_g1,Carol_Nerve_g1
block_earth_g2,Carol_Nerve_g2
block_earth_g3,Carol_Nerve_g3
heart,Glide
block_heart_1,Carol_Glide_1
block_heart_2,Carol_Glide_2
block_heart_3,Carol_Glide_3
block_heart_4,Carol_Glide_4
block_heart_5,Carol_Glide_5
Jellyfish,Andromeda
Block_Jellyfish_1,Trace_Andromeda_1
Block_Jellyfish_2,Trace_Andromeda_2
Block_Jellyfish_3,Trace_Andromeda_3
Block_Jellyfish_4,Trace_Andromeda_4
Block_Jellyfish_5,Trace_Andromeda_5
Block_Jellyfish_6,Trace_Andromeda_6
Block_Jellyfish_7,Trace_Andromeda_7
Plant,Sonic
block_Plant_1,Carol_Sonic_1
block_Plant_2,Carol_Sonic_2
block_Plant_3,Carol_Sonic_3
block_Plant_4,Carol_Sonic_4
block_Plant_5,Carol_Sonic_5
block_Plant_6,Carol_Sonic_6
block_Plant_7,Carol_Sonic_7
block_Plant_8,Carol_Sonic_8
block_Plant_9,Carol_Sonic_9
Rose,Thus
block_Rose_1,Carol_Thus_1
block_Rose_2,Carol_Thus_2
block_Rose_3,Carol_Thus_3
block_Rose_4,Carol_Thus_4
block_Rose_5,Carol_Thus_5
block_Rose_6,Carol_Thus_6
block_Rose_7,Carol_Thus_7
block_Rose_8,Carol_Thus_8
green,Roman
Btn_3_green,Sow_3_Roman
Chessboard,Microscopy
Chessboard_Candy,Microscopy_Wedge
Chessboard_Cat,Microscopy_Ted
Chessboard_Cherry,Microscopy_Huddle
Cloud,Right
Chessboard_Cloud,Microscopy_Right
Chessboard_Dog,Microscopy_Now
Duck,With
Chessboard_Duck,Microscopy_With
Heart,Close
Chessboard_Heart,Microscopy_Close
Chessboard_Jellyfish,Microscopy_Andromeda
Chessboard_Plant,Microscopy_Sonic
Chessboard_Rose,Microscopy_Thus
GoldPixel,RideVapor
GoldPixel_2,RideVapor_2
GoldPixel_block,RideVapor_Carol
adv,Vas
RewardBar_adv,SquashLow_Vas
Title,Acorn
adventure,Newspaper
Title_adventure,Acorn_Newspaper
trophy,Relief
groove,Soothe
trophy_groove,Relief_Soothe
Trophy_star,Worker_Thaw
empty,Black
Trophy_star_empty,Worker_Thaw_Black
UI,UI
UI_ChangeScene_1,UI_OutwitFlier_1
UI_ChangeScene_2,UI_OutwitFlier_2
Bird,Scam
Blue,Look
Colour,Scarce
Crocodile,Admission
Cup,Sap
Deer,Must
Flower,Sulfur
Lower,Arena
Man,Sun
Mushroom,Memorial
Orange,Common
Purple,Twelve
Red,Mar
TrophyBG,WorkerBG
Yellow,Unfair
BOX,BOX
Sots,Fort
SotsBGA,FortBGA
SotsBGB,FortBGB
bigbrain,Creature
bigbrain_b,Creature_b
table,Venus
Brain_table_1,Hyper_Venus_1
Brain_table_2,Hyper_Venus_2
History,Fanners
HistoryCard,FannersWrap
HistoryCard_1,FannersWrap_1
I,I
icon,Male
icon_Ok,Male_My
Light,Boost
Light_Card_Today,Boost_Wrap_Idiom
PB,PB
Big,Pig
BigBrain,PigHyper
PB_BigBrain_1,PB_PigHyper_1
PB_BigBrain_BG,PB_PigHyper_BG
Tobay,Forte
TobayTimeBar,ForteSureLow
V,V
BEST,BEST
SCORE,SCORE
BEST_SCORE,BEST_SCORE
BGB,BGB
Box_on,Axe_Dy
Button_A,Should_A
C,C
Button_C,Should_C
Dollar,Outfit
icon_mask_1,Male_Yean_1
Lightning,Shoemaker
ON,ON
ScheduleBG,LifelongBG
SO,SO
CLOSE,CLOSE
SO_CLOSE,SO_CLOSE
Sun,Tar
WELL,WELL
DONE,DONE
WELL_DONE,WELL_DONE
DONEA,DONEA
WELL_DONEA,WELL_DONEA
bubble,Crouch
soap,Foil
bubble_soap,Crouch_Foil
Circle01,Loosen01
Circle03,Loosen03
confetti,Textbook
Effects,Trickle
Effects_Circle 1,Trickle_Loosen 1
Effects_Circle,Trickle_Loosen
x,x
soft,Male
Effects_Cloud_2x2_soft,Trickle_Right_2x2_Male
Glow,Edge
Effects_Glow,Trickle_Edge
GlowCircle,EdgeLoosen
Effects_GlowCircle,Trickle_EdgeLoosen
Effects_Star,Trickle_Snow
glow,Hold
glow1,Hold1
Noise,Local
Caustic,Connect
NoiseCaustic,LocalConnect
NoiseCaustic03,LocalConnect03
Ray,Way
Ray01,Way01
Schedule3,Lifelong3
Star01,Snow01
Fx,At
FxGoldIcon,AtRideMaya
UI_FxGoldIcon,UI_AtRideMaya
greencoin,Geologist
icon_greencoin,Male_Geologist
Partition,Specially
PinballArea,VillageSlum
PinballArea_1,VillageSlum_1
PinballArea_2,VillageSlum_2
PinballArea_3,VillageSlum_3
Tick,Much
Map,Lot
BrainMap,HyperLot
BrainMapBG,HyperLotBG
Green,Curve
Lowe,Role
Lrock,Relax
LoweLrock,RoleRelax
LowerBG,ArenaBG
Turntable,Avalanche
UIBG,UIBG
robox,Debut
AmazonIcon,AccordMaya
UI_AmazonIcon,UI_AccordMaya
BtnBlue,SowLook
UI_BtnBlue,UI_SowLook
BtnGreen,SowCurve
UI_BtnGreen,UI_SowCurve
CashOutBG,FareTwoBG
UI_CashOutBG,UI_FareTwoBG
Con,Gap
HomeCashICon,TwigFareIGap
UI_HomeCashICon,UI_TwigFareIGap
HomeGoldIcon,TwigRideMaya
UI_HomeGoldIcon,UI_TwigRideMaya
TopBarBG,LipLowBG
UI_TopBarBG,UI_LipLowBG
PopBG,VasBG
UI_PopBG,UI_VasBG
UI_PopBG_1,UI_VasBG_1
loading,Specify
loadingBG,SpecifyBG
UI_loadingBG,UI_SpecifyBG
LoadingIcon,OrogenyMaya
UI_LoadingIcon,UI_OrogenyMaya
LoadingProgress,OrogenyHomesick
UI_LoadingProgress,UI_OrogenyHomesick
LoadingProgressBG,OrogenyHomesickBG
UI_LoadingProgressBG,UI_OrogenyHomesickBG
UI_Hand,UI_Rate
UI_Hand_Ani_1,UI_Rate_Pin_1
UI_Hand_Ani_2,UI_Rate_Pin_2
UI_Hand_Ani_3,UI_Rate_Pin_3
UI_Hand_Ani_4,UI_Rate_Pin_4
UI_Hand_Ani_5,UI_Rate_Pin_5
UI_Hand_Ani_6,UI_Rate_Pin_6
UI_Hand_Ani_7,UI_Rate_Pin_7
UI_Hand_Ani_8,UI_Rate_Pin_8
UI_Hand_Ani_9,UI_Rate_Pin_9
NewPlayTextBG,SowLuceRailBG
UI_NewPlayTextBG,UI_SowLuceRailBG
PauseButton,MajorShould
UI_PauseButton,UI_MajorShould
PopButton,VasShould
UI_PopButton,UI_VasShould
UI_PopButton_1,UI_VasShould_1
PopClose,VasWheel
UI_PopClose,UI_VasWheel
BoxRewardBar,AxeSquashLow
BoxRewardBar_1,AxeSquashLow_1
Btn_2,Sow_2
long,Shut
Btn_2_long,Sow_2_Shut
Btn_3,Sow_3
grey,Pear
Btn_3_grey,Sow_3_Pear
Btn_3_grey_1,Sow_3_Pear_1
Btn_3_groove,Sow_3_Soothe
box,Key
Btn_box_1,Sow_Key_1
orange,Seaman
Btn_orange_1,Sow_Seaman_1
Btn_X,Sow_X
icon_Back,Male_Hall
off,Wee
icon_box_off,Male_Key_Wee
icon_box_on,Male_Key_Dy
down,Vote
icon_down_1,Male_Vote_1
help,Kind
icon_help,Male_Kind
home,Cost
icon_home_1,Male_Cost_1
Lock,Cash
Icon_Lock_2,Maya_Cash_2
retry,Plane
icon_retry_1,Male_Plane_1
up,On
icon_up_1,Male_On_1
video,Timer
icon_video_2,Male_Timer_2
PB_Revive_1,PB_Fanner_1
PB_Revive_bg,PB_Fanner_To
SuccessBox,CrowbarAxe
PB_SuccessBox_1,PB_CrowbarAxe_1
PB_SuccessBox_1_BG,PB_CrowbarAxe_1_BG
PB_SuccessBox_2,PB_CrowbarAxe_2
Pop_Back_1,Vas_Hall_1
Pop_Back_2,Vas_Hall_2
Pop_Back_3,Vas_Hall_3
Pop_groove_1,Vas_Soothe_1
ScratchCard,DormantWrap
Pop_ScratchCard_Back,Vas_DormantWrap_Hall
Reward_4,Squash_4
scoreboard,Earthquake
scoreboard_2,Earthquake_2
SetUp,FatSo
Switch_off,Fusion_Wee
Switch_on,FusiDy_Dy
TextBar,RailLow
TextBar_1,RailLow_1
Title_,Acorn_
Title_Best,Acorn_Hail
UIA,UIA
UIB,UIB
0,0
2-1,2-1
2-2,2-2
board,Actor
bg_board,To_Actor
title,Resin
bg_title_01,To_Resin_01
icon_item_22,Male_Fare_22
kuang,Swamp
kuang1,Swamp1
tab,All
tab_bg,All_To
active,Admire
tab_bg_active,All_To_Admire
text1,Halt1
BoardB,SaladB
Floor,Mason
star_BG,Thaw_BG
v,v
LevelPopStar,ParisVasSnow
UI_LevelPopStar,UI_ParisVasSnow
LevelPopStarBG,ParisVasSnowBG
UI_LevelPopStarBG,UI_ParisVasSnowBG
RateBG,ClueBG
UI_RateBG,UI_ClueBG
RateBtn,ClueSow
UI_RateBtn,UI_ClueSow
boardA,ActorA
Coating,Coastal
CoatingA,CoastalA
CoatingB,CoastalB
Triangle,Cambrian
cratchcard,Prehistory
icon_cratchcard_1,Male_Prehistory_1
icon_cratchcard_2,Male_Prehistory_2
icon_cratchcard_3,Male_Prehistory_3
icon_cratchcard_4,Male_Prehistory_4
Hikemask,Tutelage
WordHikemask,HindTutelage
scratch,Luckily
WordHikemask_scratch_2,HindTutelage_Luckily_2
Hikepaint,Stratagem
WordHikepaint,HindStratagem
coat,Lowa
WordHikepaint-coat,HindStratagem-Lowa
Msic,Rock
mMsic,mRock
mMsic_1,mRock_1
shock,Perry
shock_1,Perry_1
SoundEffects,SpendTrickle
SoundEffects_1,SpendTrickle_1
Ban,Pot
BanMusicIcon,PotAgreeMaya
UI_BanMusicIcon,UI_PotAgreeMaya
BanSoundIcon,PotSpendMaya
UI_BanSoundIcon,UI_PotSpendMaya
UI_MusicIcon,UI_AgreeMaya
PauseBar,MajorLow
UI_PauseBar,UI_MajorLow
UI_SoundIcon,UI_SpendMaya
pack,Hurt
bg_pack1,To_Hurt1
bg_title_02,To_Resin_02
icon_bg_01,Male_To_01
icon_bg_02,Male_To_02
light_pack1,Write_Hurt1
shop,File
shop_bg_02,File_To_02
,
,
LevelPopCardBG,ParisVasWrapBG
UI_LevelPopCardBG,UI_ParisVasWrapBG
LevelPop,ParisVas
UI_LevelPop_SlotBG,UI_ParisVas_PlayBG
SlotCard,PlayWrap
UI_LevelPop_SlotCard,UI_ParisVas_PlayWrap
SlotPop,PlayVas
UI_LevelPop_SlotPop,UI_ParisVas_PlayVas
UI_SlotBG,UI_PlayBG
icon_btn_14_03,Male_Gut_14_03
icon_btn_14_05,Male_Gut_14_05
ui_btn_01_02,Up_Gut_01_02
cash,Flop
cash_More,Flop_Bike
w,w
Icon_Cash_w,Maya_Fare_w
Icon_gold_w,Maya_Card_w
MoreGold,BikeRide
Icon_MoreGold_w,Maya_BikeRide_w
Jindui,Dating
WheelBG,PerchBG
WheelBG_1,PerchBG_1
Centre,Behave
WheelCentre,PerchBehave
Wheelpointer,Disadvantage
WheelTitle,PerchAcorn
WheelTitle_bg,PerchAcorn_To
luckyspin,Afterward
WheelTitle_luckyspin,PerchAcorn_Afterward
Wheel_In,Perch_It
Hike,Data
WordHikeA,HindDataA
main,Leak
BG_main_1,BG_Leak_1
BlockPuzzleBlock,TraceEnrichTrace
s,s
BlockPuzzleBlock_00_s,TraceEnrichTrace_00_s
Block_00,Trace_00
Block_00_s,Trace_00_s
Block_01,Trace_01
Block_01_s,Trace_01_s
Block_02,Trace_02
Block_02_s,Trace_02_s
Block_03,Trace_03
Block_03_s,Trace_03_s
Block_04,Trace_04
Block_04_s,Trace_04_s
Block_05,Trace_05
Block_05_s,Trace_05_s
Block_Cash_s,Trace_Fare_s
BoxSlot,AxePlay
BoxSlot_1,AxePlay_1
BoxSlot_2,AxePlay_2
Pointer,Abalone
BoxSlot_Pointer_1,AxePlay_Abalone_1
Btn_Brain_3,Sow_Hyper_3
chest,Cliff
btn_icon_chest_1,Gut_Male_Cliff_1
setting,Routine
btn_setting_1,Gut_Routine_1
btn_setting_2,Gut_Routine_2
SHOP,SHOP
Btn_SHOP_2,Sow_SHOP_2
Btn_SHOP_gold,Sow_SHOP_Card
warehouse,Resonance
lock,Mute
Btn_warehouse_lock,Sow_Resonance_Mute
r,r
cash_r,Flop_r
FinishLight,CannonBoost
BlockLight,TraceBoost
Fx_BlockLight_1,At_TraceBoost_1
GameBoard_1,TownSalad_1
GameBoard_2,TownSalad_2
GoldBarBG,RideLowBG
GoldBarBG_1,RideLowBG_1
GoldBarBG_2,RideLowBG_2
icon_cash_r,Male_Flop_r
icon_gold_r,Male_Card_r
icon_video_1,Male_Timer_1
ring,Deny
WAREHOUSE,WAREHOUSE
Light_ring_WAREHOUSE,Boost_Deny_WAREHOUSE
Selection,Hazardous
SelectionBox,HazardousAxe
Light_SelectionBox,Boost_HazardousAxe
brain,Rarer
PB_brain_1,PB_Rarer_1
PB_brain_1_BG,PB_Rarer_1_BG
PB_brain_2,PB_Rarer_2
TopUI,LipUI
PB_TopUI_2,PB_LipUI_2
PB_TopUI_2_BG,PB_LipUI_2_BG
PB_TopUI_3,PB_LipUI_3
PB_TopUI_3_BG,PB_LipUI_3_BG
RateStar,ClueSnow
RateStar_off,ClueSnow_Wee
RateStar_on,ClueSnow_Dy
Score,Adopt
ScoreBar,AdoptLow
ScoreBar_2,AdoptLow_2
Scoreboard,Difficulty
classic,Dormant
F,F
Scoreboard_classic_F1,Difficulty_Dormant_F1
Scoreboard_classic_F2,Difficulty_Dormant_F2
SlotBlock,PlayTrace
SlotBlock_1,PlayTrace_1
SlotBlock_2 1,PlayTrace_2 1
SlotBlock_2,PlayTrace_2
SlotBlock_gold,PlayTrace_Card
smallwhell,Needlework
smallwhell_1,Needlework_1
smallwhell_2,Needlework_2
smallwhell_3,Needlework_3
smallwhell_4,Needlework_4
TargetBar,StrictLow
TargetBar_1,StrictLow_1
TargetBar_2,StrictLow_2
TargetBar_4,StrictLow_4
TopBar_line,LipLow_Solo
Ware,Hart
House,Sound
WareHouseBG,HartSoundBG
WareHouseBG_1,HartSoundBG_1
GoldBar,RideLow
GoldBar_b_1,RideLow_b_1
GoldBar_w_1,RideLow_w_1
Icon_gold_0514,Maya_Card_0514
Btn_Loading,Sow_Orogeny
Book,Knit
Facet,Trust
BookFacet,KnitTrust
BookFacet_2,KnitTrust_2
Rust,Levy
RustLower,LevyArena
RustLower_2,LevyArena_2
Ago,Sew
Boost,Guard
Fervor,Radish
Gnaw,Pork
Worsen,Codify
Ice,Wan
He,My
IceHe,WanMy
Off,Dam
SoundOff,SpendDam
UI_SoundOff,UI_SpendDam
SoundOn,SpendID
UI_SoundOn,UI_SpendID
icon_gold_01,Male_Card_01
icon_pack1,Male_Hurt1
Sound_BGM,Spend_BGM
Blockclean,Importance
Sound_Blockclean_1,Spend_Importance_1
Sound_Blockclean_2,Spend_Importance_2
Chapterchange,Categorically
Sound_Chapterchange,Spend_Categorically
Chapterpop,Colorfully
Sound_Chapterpop,Spend_Colorfully
CompleteLevel,FeldsparParis
Sound_CompleteLevel,Spend_FeldsparParis
Scrat,Grind
CompleteScratCard,FeldsparGrindWrap
Sound_CompleteScratCard,Spend_FeldsparGrindWrap
countup,Trample
Sound_countup,Spend_Trample
doublereward,Insufficient
Sound_doublereward,Spend_Insufficient
Drop,Hold
Sound_Drop,Spend_Hold
Sound_Fail,Spend_Asia
Sound_GoldCoin,Spend_RideDeem
Multipleclean,Inappropriate
Sound_Multipleclean,Spend_Inappropriate
Arm,Far
Bandit,Retool
OneArmBandit,OftFarRetool
Sound_OneArmBandit,Spend_OftFarRetool
Openboard,Architect
Sound_Openboard,Spend_Architect
Sound_PopShow,Spend_VasTune
Progressive,Cleanliness
Sound_Progressive_1,Spend_Cleanliness_1
Sound_Progressive_2,Spend_Cleanliness_2
Sound_Progressive_3,Spend_Cleanliness_3
Sound_Progressive_4,Spend_Cleanliness_4
Sound_Progressive_5,Spend_Cleanliness_5
Sound_Progressive_6,Spend_Cleanliness_6
Sound_Progressive_7,Spend_Cleanliness_7
Sound_Progressive_8,Spend_Cleanliness_8
Fillamount,Assessment
SchFillamount,FurAssessment
Sound_SchFillamount,Spend_FurAssessment
ScratCardCricle,GrindWrapShovel
Sound_ScratCardCricle,Spend_GrindWrapShovel
Carding,Stubble
ScratCarding,GrindStubble
Sound_ScratCarding,Spend_GrindStubble
startgame,Interplay
Sound_startgame,Spend_Interplay
Take,Tele
Sound_Take,Spend_Tele
Targetcomplete,Unconventional
Sound_Targetcomplete,Spend_Unconventional
Targetfly,Diffusion
Sound_Targetfly,Spend_Diffusion
Sound_Trophy,Spend_Worker
UIButton,UIShould
Sound_UIButton,Spend_UIShould
Welldone,Daughter
Sound_Welldone,Spend_Daughter
Woodloading,Approximate
Sound_Woodloading,Spend_Approximate
Successful,Serpentine
Successful 2,Serpentine 2
,
,
1,1
,
,
1,1
2,2
3,3
4,4
5,5
6,6
7,7
,
,
,
,
,
good,Sill
great,Count
excellent,Minnesota
amazing,Alaskan
,
,
,
,
,
Air,Foe
Wall,Deny
AirWall,FoeDeny
BlockPuzzleCombo,TraceEnrichTenon
NEW,NEW
BlockPuzzleCombo_NEW,TraceEnrichTenon_NEW
BlockPuzzleItemBar,TraceEnrichPackLow
BlockPuzzleLevelMask,TraceEnrichParisFeat
Resource,Disorder
BlockPuzzleResourceBar,TraceEnrichDisorderLow
BlockPuzzleSlotBG,TraceEnrichPlayBG
Tab,Lot
BlockPuzzleTab,TraceEnrichLot
BlockPuzzleText,TraceEnrichRail
BlockPuzzleToast,TraceEnrichLeafy
CashPop,FareVas
Cash_Bar,Fare_Low
ClearSpine,BlameOvert
Hole,Mite
HoleFX,MiteFX
yellow,Wearer
HoleFX_yellow,MiteFX_Wearer
MainManager,AnewWorship
Ball,Fold
PinBallText,SeeFoldRail
CreatLevelPanel,LowerParisDelta
GamePanel_A,TownDelta_A
ServerData,SneezeWise
IConfigManager,IBarterWorship
Particle,Starfish
UIParticleSystem,UIStarfishRelate

